-- phpMyAdmin SQL Dump
-- version phpStudy 2014
-- http://www.phpmyadmin.net
--
-- 主机: localhost
-- 生成日期: 2017 年 04 月 14 日 00:30
-- 服务器版本: 5.5.53
-- PHP 版本: 5.4.45

SET SQL_MODE="NO_AUTO_VALUE_ON_ZERO";
SET time_zone = "+00:00";


/*!40101 SET @OLD_CHARACTER_SET_CLIENT=@@CHARACTER_SET_CLIENT */;
/*!40101 SET @OLD_CHARACTER_SET_RESULTS=@@CHARACTER_SET_RESULTS */;
/*!40101 SET @OLD_COLLATION_CONNECTION=@@COLLATION_CONNECTION */;
/*!40101 SET NAMES utf8 */;

--
-- 数据库: `aoshade`
--

-- --------------------------------------------------------

--
-- 表的结构 `asd_case`
--

CREATE TABLE IF NOT EXISTS `asd_case` (
  `caseId` int(10) unsigned NOT NULL AUTO_INCREMENT,
  `caseTitle` varchar(50) NOT NULL COMMENT '公司展览标题',
  `caseCompany` varchar(50) NOT NULL COMMENT '公司名称',
  `caseTime` int(11) NOT NULL COMMENT '参展时间',
  `caseArea` tinyint(4) NOT NULL COMMENT '展会地点',
  `caseType` tinyint(4) NOT NULL COMMENT '展会类型',
  `caseSize` int(11) NOT NULL COMMENT '展位大小范围',
  `caseSizeNum` int(11) DEFAULT NULL COMMENT '场地大小',
  `caseImg1` int(11) DEFAULT '99' COMMENT '活动图片1',
  `caseImg2` int(11) DEFAULT '99' COMMENT '活动图片2',
  `caseImg3` int(11) DEFAULT '99' COMMENT '活动图片3',
  `caseImg4` int(11) DEFAULT '99' COMMENT '活动图片4',
  `caseImg5` int(11) DEFAULT '99' COMMENT '活动图片5',
  `caseImg6` int(11) DEFAULT '99' COMMENT '活动图片6',
  `caseImg7` int(11) DEFAULT '99' COMMENT '活动图片7',
  `caseImg8` int(11) DEFAULT '99' COMMENT '活动图片8',
  `caseImg9` int(11) DEFAULT '99' COMMENT '活动图片9',
  `caseRecentshow` tinyint(4) NOT NULL DEFAULT '0' COMMENT '首页案例展示是否显示',
  `caseShow` tinyint(4) NOT NULL DEFAULT '0' COMMENT '是否显示  0显示 1不显示',
  `life` tinyint(4) NOT NULL DEFAULT '0' COMMENT '0使用 1删除',
  PRIMARY KEY (`caseId`)
) ENGINE=InnoDB  DEFAULT CHARSET=utf8 COMMENT='展会案例' AUTO_INCREMENT=12 ;

--
-- 转存表中的数据 `asd_case`
--

INSERT INTO `asd_case` (`caseId`, `caseTitle`, `caseCompany`, `caseTime`, `caseArea`, `caseType`, `caseSize`, `caseSizeNum`, `caseImg1`, `caseImg2`, `caseImg3`, `caseImg4`, `caseImg5`, `caseImg6`, `caseImg7`, `caseImg8`, `caseImg9`, `caseRecentshow`, `caseShow`, `life`) VALUES
(1, '忠发发发 2016 ALUMINIUM', '发发发', 1489055118, 1, 1, 4, 186, 1, 2, 3, 4, 5, 99, 99, 99, 99, 1, 0, 0),
(2, '发发发发呆多', '是是是', 1489055118, 1, 2, 2, 36, 1, 2, 3, 4, 5, 99, 99, 99, 99, 1, 0, 0),
(3, '阿士大夫的', '忠旺集团', 1489055118, 1, 1, 3, 54, 1, 99, 99, 99, 99, 99, 99, 99, 99, 0, 0, 0),
(4, '操作  尺寸', '啛啛喳喳', 1489055118, 1, 3, 4, 82, 1, 99, 99, 99, 99, 99, 99, 99, 99, 1, 0, 0),
(5, 'vvVB吧', '忠旺集团', 1489055118, 1, 2, 2, 36, 1, 99, 99, 99, 99, 99, 99, 99, 99, 0, 0, 0),
(6, '在学校才', '干干干', 1489055118, 1, 2, 1, 8, 1, 99, 99, 99, 99, 99, 99, 99, 99, 0, 0, 0),
(7, 'vVB不不不不', '忠旺集团', 1489055118, 1, 1, 2, 34, 1, 99, 99, 99, 99, 99, 99, 99, 99, 0, 0, 0),
(8, '呃呃呃额额', '跳跳跳', 1489055118, 1, 4, 2, 36, 1, 99, 99, 99, 99, 99, 99, 99, 99, 1, 0, 0),
(9, '少时诵诗书', '本宝宝', 1489055118, 1, 4, 3, 74, 1, 99, 99, 99, 99, 99, 99, 99, 99, 0, 0, 0),
(10, '灌灌灌灌灌', '忠旺集团', 1489055118, 1, 5, 5, 208, 1, 99, 99, 99, 99, 99, 99, 99, 99, 1, 0, 0),
(11, '一样一样预约', '哈哈哈哈', 1489055118, 1, 1, 4, 108, 1, 99, 99, 99, 99, 99, 99, 99, 99, 0, 0, 0);

-- --------------------------------------------------------

--
-- 表的结构 `asd_casearea`
--

CREATE TABLE IF NOT EXISTS `asd_casearea` (
  `caseareaId` int(11) NOT NULL AUTO_INCREMENT,
  `caseareaText` varchar(20) NOT NULL COMMENT '地区名称',
  PRIMARY KEY (`caseareaId`,`caseareaText`)
) ENGINE=InnoDB  DEFAULT CHARSET=utf8 COMMENT='展会地区表' AUTO_INCREMENT=5 ;

--
-- 转存表中的数据 `asd_casearea`
--

INSERT INTO `asd_casearea` (`caseareaId`, `caseareaText`) VALUES
(1, '广州'),
(2, '深圳'),
(3, '上海'),
(4, '北京');

-- --------------------------------------------------------

--
-- 表的结构 `asd_casesize`
--

CREATE TABLE IF NOT EXISTS `asd_casesize` (
  `casesizeId` int(11) NOT NULL AUTO_INCREMENT,
  `casesizeText` varchar(20) NOT NULL COMMENT '案例场地大小',
  PRIMARY KEY (`casesizeId`)
) ENGINE=InnoDB  DEFAULT CHARSET=utf8 AUTO_INCREMENT=6 ;

--
-- 转存表中的数据 `asd_casesize`
--

INSERT INTO `asd_casesize` (`casesizeId`, `casesizeText`) VALUES
(1, '1-8'),
(2, '9-36'),
(3, '37-74'),
(4, '75-108'),
(5, '109-200');

-- --------------------------------------------------------

--
-- 表的结构 `asd_casetype`
--

CREATE TABLE IF NOT EXISTS `asd_casetype` (
  `casetypeId` int(11) NOT NULL AUTO_INCREMENT,
  `casetypeText` varchar(20) NOT NULL COMMENT '展会类型',
  `casetypeShow` tinyint(4) NOT NULL DEFAULT '0' COMMENT '首页是否显示类型',
  PRIMARY KEY (`casetypeId`)
) ENGINE=InnoDB  DEFAULT CHARSET=utf8 AUTO_INCREMENT=6 ;

--
-- 转存表中的数据 `asd_casetype`
--

INSERT INTO `asd_casetype` (`casetypeId`, `casetypeText`, `casetypeShow`) VALUES
(1, '机器人', 1),
(2, '医疗设备', 1),
(3, '建筑建材', 1),
(4, 'VR', 1),
(5, '家具', 0);

-- --------------------------------------------------------

--
-- 表的结构 `asd_news`
--

CREATE TABLE IF NOT EXISTS `asd_news` (
  `newsId` int(10) unsigned NOT NULL AUTO_INCREMENT,
  `newsImgone` tinyint(4) NOT NULL COMMENT '宣传新闻图片',
  `newsType` tinyint(4) NOT NULL COMMENT '新闻类别',
  `newsTitle` varchar(50) NOT NULL COMMENT '新闻标题',
  `newsName` varchar(50) NOT NULL COMMENT '作者',
  `newsTime` int(11) NOT NULL COMMENT '上传时间',
  `newsRelease` varchar(20) NOT NULL COMMENT '文章发布时间',
  `newsTimes` int(11) NOT NULL COMMENT '浏览次数',
  `newsInfo` text NOT NULL COMMENT '首段文字',
  `newsContent` text NOT NULL COMMENT '新闻主要内容',
  `newsShow` tinyint(4) NOT NULL DEFAULT '1' COMMENT '是否显示0显示1不显示',
  `life` tinyint(4) DEFAULT '0' COMMENT '是否删除0正常使用1删除',
  PRIMARY KEY (`newsId`)
) ENGINE=InnoDB  DEFAULT CHARSET=utf8 AUTO_INCREMENT=6 ;

--
-- 转存表中的数据 `asd_news`
--

INSERT INTO `asd_news` (`newsId`, `newsImgone`, `newsType`, `newsTitle`, `newsName`, `newsTime`, `newsRelease`, `newsTimes`, `newsInfo`, `newsContent`, `newsShow`, `life`) VALUES
(1, 1, 1, '匠心筑梦 | 恭祝圣都家居装饰荣获“优秀示范企业”，董事长颜伟阳被评选为杭州市建筑装饰行业协会住宅装', '代用名', 1488954331, '2017-03-22', 88, '杭州市建筑装饰行业协会住宅装饰分会第一次会员代表大会暨首届一次理事会于2017年3月1日在杭州顺利举行。浙江圣都家居装饰有限公司荣获2016年杭州市住宅装饰行业优秀示范企业;董事长颜伟阳被评选为杭州市建筑装饰行业协会住宅装饰分会执行会长。', '<p style="margin: 0em 1em 10px; padding: 0px; clear: both; font-size: 16px; white-space: normal; max-width: 100%; min-height: 1em; color: rgb(62, 62, 62); text-align: left; text-indent: 2em; line-height: 2em; box-sizing: border-box !important; overflow-wrap: break-word !important; background-color: rgb(255, 255, 255);"><span style="margin: 0px; padding: 0px; max-width: 100%; font-family: 微软雅黑, sans-serif; font-size: 15px; color: rgb(63, 63, 63); box-sizing: border-box !important; overflow-wrap: break-word !important;">杭州市建筑装饰行业协会住宅装饰分会第一次会员代表大会暨首届一次理事会于2017年3月1日在杭州顺利举行。</span><span style="line-height: 1.75em; text-indent: 2em; margin: 0px; padding: 0px; max-width: 100%; font-family: 微软雅黑, sans-serif; font-size: 15px; color: rgb(63, 63, 63); box-sizing: border-box !important; overflow-wrap: break-word !important;">浙江圣都家居装饰有限公司荣获2016年杭州市住宅装饰行业优秀示范企业;</span><span style="text-indent: 2em; margin: 0px; padding: 0px; color: rgb(63, 63, 63); font-family: 微软雅黑, sans-serif; font-size: 15px; line-height: 1.5em;">董事长颜伟阳被评选为杭州市建筑装饰行业协会住宅装饰分会执行会长。</span></p><p style="margin: 0em 1em 0px; padding: 0px; clear: both; font-size: 16px; white-space: normal; max-width: 100%; min-height: 1em; color: rgb(62, 62, 62); text-align: left; text-indent: 2em; line-height: 1.5em; box-sizing: border-box !important; overflow-wrap: break-word !important; background-color: rgb(255, 255, 255);"><span style="margin: 0px; padding: 0px; color: rgb(63, 63, 63); font-family: 微软雅黑, sans-serif; font-size: 15px; line-height: 1.5em;"><br></span></p><p style="margin: 0em 1em; padding: 0px; clear: both; font-size: 16px; white-space: normal; max-width: 100%; min-height: 1em; color: rgb(62, 62, 62); line-height: 1.5em; text-align: center; box-sizing: border-box !important; overflow-wrap: break-word !important; background-color: rgb(255, 255, 255);"><span style="margin: 0px; padding: 0px; max-width: 100%; font-family: 微软雅黑, sans-serif; color: rgb(63, 63, 63); font-size: 15px; box-sizing: border-box !important; overflow-wrap: break-word !important;">&nbsp;</span></p><p style="margin: 0em 1em 10px; padding: 0px; clear: both; font-size: 16px; white-space: normal; max-width: 100%; min-height: 1em; color: rgb(62, 62, 62); text-align: justify; line-height: 2em; box-sizing: border-box !important; overflow-wrap: break-word !important; background-color: rgb(255, 255, 255);"><span style="margin: 0px; padding: 0px; max-width: 100%; font-family: 微软雅黑, sans-serif; font-size: 15px; box-sizing: border-box !important; overflow-wrap: break-word !important;"></span></p><section style="margin: 0px; padding: 0px; font-family: &#39;Helvetica Neue&#39;, Helvetica, &#39;Hiragino Sans GB&#39;, &#39;Microsoft YaHei&#39;, Arial, sans-serif; font-size: medium; line-height: 28.4444px; white-space: normal; box-sizing: border-box; background-color: rgb(255, 255, 255);"><section powered-by="xiumi.us" style="margin: 0px; padding: 0px; box-sizing: border-box;"><section class="" style="margin: 0px; padding: 0px; box-sizing: border-box;"><section class="" style="margin: 0px; padding: 0px 15px; box-sizing: border-box;"><p style="margin-top: 0px; padding: 0px; clear: both; box-sizing: border-box; text-indent: 2em; text-align: left; line-height: 2em; margin-bottom: 10px;"><span style="margin: 0px; padding: 0px; max-width: 100%; font-family: 微软雅黑, sans-serif; font-size: 15px; color: rgb(63, 63, 63); box-sizing: border-box !important; overflow-wrap: break-word !important;">浙江圣都家居装饰集团，始创于2002年，座落于美丽的西子湖畔—杭州。是一家以“设计为入口，装饰为服务，提供居家全品类产品”的平台化集成服务商，定位于为客户提供“居家生活美学”服务！</span></p><p style="margin-top: 0px; padding: 0px; clear: both; text-indent: 2em; text-align: left; line-height: 2em; margin-bottom: 10px;"><span style="margin: 0px; padding: 0px; max-width: 100%; font-family: 微软雅黑, sans-serif; font-size: 15px; color: rgb(63, 63, 63); box-sizing: border-box !important; overflow-wrap: break-word !important;">多年来，圣都一直以创新态度，不断努力，满足于消费者日新月异的家装需求，从项目标准化管理，到全案精装，打造8090爆款，圣都拎包装，邀请国际大师合作-开启德标精装----每一步都走在行业前列。圣都家居装饰主营涉及住宅设计与施工、中高档住宅、别墅、排屋、办公室、会所、主题酒店、个性餐饮等全系列家庭公共空间装修。</span></p><p style="margin-top: 0px; margin-bottom: 0px; padding: 0px; clear: both; text-indent: 2em;"><span style="margin: 0px; padding: 0px; max-width: 100%; font-family: 微软雅黑, sans-serif; font-size: 15px; color: rgb(63, 63, 63); box-sizing: border-box !important; overflow-wrap: break-word !important;"><br style="text-align: left;"></span></p><p style="margin-top: 0px; margin-bottom: 0px; padding: 0px; clear: both; text-indent: 0em; text-align: center;"><span style="margin: 0px; padding: 0px; max-width: 100%; font-family: 微软雅黑, sans-serif; font-size: 15px; color: rgb(63, 63, 63); box-sizing: border-box !important; overflow-wrap: break-word !important;"></span></p><p style="margin-top: 0px; margin-bottom: 0px; padding: 0px; clear: both; text-indent: 0em;"><span style="margin: 0px; padding: 0px; max-width: 100%; font-family: 微软雅黑, sans-serif; font-size: 15px; color: rgb(63, 63, 63); box-sizing: border-box !important; overflow-wrap: break-word !important;"><br></span></p><section style="margin: 0px; padding: 0px; box-sizing: border-box;"><section powered-by="xiumi.us" style="margin: 0px; padding: 0px; box-sizing: border-box;"><section class="" style="margin: 0px; padding: 0px; box-sizing: border-box;"><section class="" style="margin: 0px; padding: 0px 15px; box-sizing: border-box;"><section style="margin: 0px; padding: 0px; box-sizing: border-box;"><section powered-by="xiumi.us" style="margin: 0px; padding: 0px; box-sizing: border-box;"><section class="" style="margin: 0px; padding: 0px; box-sizing: border-box;"><section class="" style="margin: 0px; padding: 0px 15px; box-sizing: border-box;"><p style="margin-top: 0px; padding: 0px; clear: both; box-sizing: border-box; text-indent: 2em; text-align: left; line-height: 2em; margin-bottom: 10px;"><span style="margin: 0px; padding: 0px; max-width: 100%; font-family: 微软雅黑, sans-serif; font-size: 15px; color: rgb(63, 63, 63); box-sizing: border-box !important; overflow-wrap: break-word !important;">15年来，创始人颜伟阳本着“以人为本、与人为善”的初心，秉承“敬天爱人、利他之心”的价值观，渗透到整个企业的发展。所以，“利他”成为圣都核心的文化价值理念。颜伟阳以圣都为平台，让更多的人在圣都实现自己的价值。在做强企业的同时，并把企业小善，延伸到社会，成为大善。&nbsp;</span></p><p style="margin-top: 0px; padding: 0px; clear: both; box-sizing: border-box; text-indent: 2em; text-align: left; line-height: 2em; margin-bottom: 10px;"><span style="margin: 0px; padding: 0px; max-width: 100%; font-family: 微软雅黑, sans-serif; font-size: 15px; color: rgb(63, 63, 63); box-sizing: border-box !important; overflow-wrap: break-word !important;">公司发展不忘回报社会，秉承一个企业的社会责任感，怀着一份感恩之心，圣都集团一直致力于公益事业，先后走进青山湖和睦小学、江山江东小学捐赠“圆梦音乐馆”；助学彩虹计划，助力贫困学子；余姚赈灾；爱心车队助力高考学子；六一送爱心；向同济科技职业学院捐赠教育基金等...</span></p><p style="margin-top: 0px; padding: 0px; clear: both; box-sizing: border-box; text-indent: 2em; text-align: left; line-height: 2em; margin-bottom: 10px;"><span style="margin: 0px; padding: 0px; max-width: 100%; font-family: 微软雅黑, sans-serif; font-size: 15px; color: rgb(63, 63, 63); box-sizing: border-box !important; overflow-wrap: break-word !important;"><br></span></p><p style="margin-top: 0px; padding: 0px; clear: both; box-sizing: border-box; text-align: center; line-height: 2em; margin-bottom: 10px; text-indent: 0em;"></p><p style="margin-top: 0px; padding: 0px; clear: both; box-sizing: border-box; line-height: 2em; margin-bottom: 10px; text-indent: 0em; text-align: center;"></p><p style="margin-top: 0px; padding: 0px; clear: both; box-sizing: border-box; line-height: 2em; margin-bottom: 10px; text-indent: 0em; text-align: center;">圣都，秉承圣心做人，匠心做事，只为，给家人更好的！</span></p><p style="margin-top: 0px; margin-bottom: 0px; padding: 0px; clear: both;"><span style="margin: 0px; padding: 0px; font-size: 15px;"><br style="margin: 0px; padding: 0px; text-align: left;"></span></p><p style="margin-top: 0px; margin-bottom: 0px; padding: 0px; clear: both; text-align: center;"><span style="margin: 0px; padding: 0px; font-size: 15px;"></span></p><p style="text-align:center"></p></section></section></section></section></section></section></section></section></section></section></section></section><p style="text-align: center;"><span style="font-family: &#39;Helvetica Neue&#39;, Helvetica, &#39;Hiragino Sans GB&#39;, &#39;Microsoft YaHei&#39;, Arial, sans-serif; font-size: medium; line-height: 28.4444px; text-align: center;">全国服务热线：400-0571-800</span></p><p><br style="text-align: left;"></p>	<p style="margin: 0em 1em 10px; padding: 0px; clear: both; font-size: 16px; white-space: normal; max-width: 100%; min-height: 1em; color: rgb(62, 62, 62); text-align: left; text-indent: 2em; line-height: 2em; box-sizing: border-box !important; overflow-wrap: break-word !important; background-color: rgb(255, 255, 255);"><span style="margin: 0px; padding: 0px; max-width: 100%; font-family: 微软雅黑, sans-serif; font-size: 15px; color: rgb(63, 63, 63); box-sizing: border-box !important; overflow-wrap: break-word !important;">杭州市建筑装饰行业协会住宅装饰分会第一次会员代表大会暨首届一次理事会于2017年3月1日在杭州顺利举行。</span><span style="line-height: 1.75em; text-indent: 2em; margin: 0px; padding: 0px; max-width: 100%; font-family: 微软雅黑, sans-serif; font-size: 15px; color: rgb(63, 63, 63); box-sizing: border-box !important; overflow-wrap: break-word !important;">浙江圣都家居装饰有限公司荣获2016年杭州市住宅装饰行业优秀示范企业;</span><span style="text-indent: 2em; margin: 0px; padding: 0px; color: rgb(63, 63, 63); font-family: 微软雅黑, sans-serif; font-size: 15px; line-height: 1.5em;">董事长颜伟阳被评选为杭州市建筑装饰行业协会住宅装饰分会执行会长。</span></p><p style="margin: 0em 1em 0px; padding: 0px; clear: both; font-size: 16px; white-space: normal; max-width: 100%; min-height: 1em; color: rgb(62, 62, 62); text-align: left; text-indent: 2em; line-height: 1.5em; box-sizing: border-box !important; overflow-wrap: break-word !important; background-color: rgb(255, 255, 255);"><span style="margin: 0px; padding: 0px; color: rgb(63, 63, 63); font-family: 微软雅黑, sans-serif; font-size: 15px; line-height: 1.5em;"><br></span></p><p style="margin: 0em 1em; padding: 0px; clear: both; font-size: 16px; white-space: normal; max-width: 100%; min-height: 1em; color: rgb(62, 62, 62); line-height: 1.5em; text-align: center; box-sizing: border-box !important; overflow-wrap: break-word !important; background-color: rgb(255, 255, 255);"><span style="margin: 0px; padding: 0px; max-width: 100%; font-family: 微软雅黑, sans-serif; color: rgb(63, 63, 63); font-size: 15px; box-sizing: border-box !important; overflow-wrap: break-word !important;">&nbsp;</span></p><p style="margin: 0em 1em 10px; padding: 0px; clear: both; font-size: 16px; white-space: normal; max-width: 100%; min-height: 1em; color: rgb(62, 62, 62); text-align: justify; line-height: 2em; box-sizing: border-box !important; overflow-wrap: break-word !important; background-color: rgb(255, 255, 255);"><span style="margin: 0px; padding: 0px; max-width: 100%; font-family: 微软雅黑, sans-serif; font-size: 15px; box-sizing: border-box !important; overflow-wrap: break-word !important;"></span></p><section style="margin: 0px; padding: 0px; font-family: &#39;Helvetica Neue&#39;, Helvetica, &#39;Hiragino Sans GB&#39;, &#39;Microsoft YaHei&#39;, Arial, sans-serif; font-size: medium; line-height: 28.4444px; white-space: normal; box-sizing: border-box; background-color: rgb(255, 255, 255);"><section powered-by="xiumi.us" style="margin: 0px; padding: 0px; box-sizing: border-box;"><section class="" style="margin: 0px; padding: 0px; box-sizing: border-box;"><section class="" style="margin: 0px; padding: 0px 15px; box-sizing: border-box;"><p style="margin-top: 0px; padding: 0px; clear: both; box-sizing: border-box; text-indent: 2em; text-align: left; line-height: 2em; margin-bottom: 10px;"><span style="margin: 0px; padding: 0px; max-width: 100%; font-family: 微软雅黑, sans-serif; font-size: 15px; color: rgb(63, 63, 63); box-sizing: border-box !important; overflow-wrap: break-word !important;">浙江圣都家居装饰集团，始创于2002年，座落于美丽的西子湖畔—杭州。是一家以“设计为入口，装饰为服务，提供居家全品类产品”的平台化集成服务商，定位于为客户提供“居家生活美学”服务！</span></p><p style="margin-top: 0px; padding: 0px; clear: both; text-indent: 2em; text-align: left; line-height: 2em; margin-bottom: 10px;"><span style="margin: 0px; padding: 0px; max-width: 100%; font-family: 微软雅黑, sans-serif; font-size: 15px; color: rgb(63, 63, 63); box-sizing: border-box !important; overflow-wrap: break-word !important;">多年来，圣都一直以创新态度，不断努力，满足于消费者日新月异的家装需求，从项目标准化管理，到全案精装，打造8090爆款，圣都拎包装，邀请国际大师合作-开启德标精装----每一步都走在行业前列。圣都家居装饰主营涉及住宅设计与施工、中高档住宅、别墅、排屋、办公室、会所、主题酒店、个性餐饮等全系列家庭公共空间装修。</span></p><p style="margin-top: 0px; margin-bottom: 0px; padding: 0px; clear: both; text-indent: 2em;"><span style="margin: 0px; padding: 0px; max-width: 100%; font-family: 微软雅黑, sans-serif; font-size: 15px; color: rgb(63, 63, 63); box-sizing: border-box !important; overflow-wrap: break-word !important;"><br style="text-align: left;"></span></p><p style="margin-top: 0px; margin-bottom: 0px; padding: 0px; clear: both; text-indent: 0em; text-align: center;"><span style="margin: 0px; padding: 0px; max-width: 100%; font-family: 微软雅黑, sans-serif; font-size: 15px; color: rgb(63, 63, 63); box-sizing: border-box !important; overflow-wrap: break-word !important;"></span></p><p style="margin-top: 0px; margin-bottom: 0px; padding: 0px; clear: both; text-indent: 0em;"><span style="margin: 0px; padding: 0px; max-width: 100%; font-family: 微软雅黑, sans-serif; font-size: 15px; color: rgb(63, 63, 63); box-sizing: border-box !important; overflow-wrap: break-word !important;"><br></span></p><section style="margin: 0px; padding: 0px; box-sizing: border-box;"><section powered-by="xiumi.us" style="margin: 0px; padding: 0px; box-sizing: border-box;"><section class="" style="margin: 0px; padding: 0px; box-sizing: border-box;"><section class="" style="margin: 0px; padding: 0px 15px; box-sizing: border-box;"><section style="margin: 0px; padding: 0px; box-sizing: border-box;"><section powered-by="xiumi.us" style="margin: 0px; padding: 0px; box-sizing: border-box;"><section class="" style="margin: 0px; padding: 0px; box-sizing: border-box;"><section class="" style="margin: 0px; padding: 0px 15px; box-sizing: border-box;"><p style="margin-top: 0px; padding: 0px; clear: both; box-sizing: border-box; text-indent: 2em; text-align: left; line-height: 2em; margin-bottom: 10px;"><span style="margin: 0px; padding: 0px; max-width: 100%; font-family: 微软雅黑, sans-serif; font-size: 15px; color: rgb(63, 63, 63); box-sizing: border-box !important; overflow-wrap: break-word !important;">15年来，创始人颜伟阳本着“以人为本、与人为善”的初心，秉承“敬天爱人、利他之心”的价值观，渗透到整个企业的发展。所以，“利他”成为圣都核心的文化价值理念。颜伟阳以圣都为平台，让更多的人在圣都实现自己的价值。在做强企业的同时，并把企业小善，延伸到社会，成为大善。&nbsp;</span></p><p style="margin-top: 0px; padding: 0px; clear: both; box-sizing: border-box; text-indent: 2em; text-align: left; line-height: 2em; margin-bottom: 10px;"><span style="margin: 0px; padding: 0px; max-width: 100%; font-family: 微软雅黑, sans-serif; font-size: 15px; color: rgb(63, 63, 63); box-sizing: border-box !important; overflow-wrap: break-word !important;">公司发展不忘回报社会，秉承一个企业的社会责任感，怀着一份感恩之心，圣都集团一直致力于公益事业，先后走进青山湖和睦小学、江山江东小学捐赠“圆梦音乐馆”；助学彩虹计划，助力贫困学子；余姚赈灾；爱心车队助力高考学子；六一送爱心；向同济科技职业学院捐赠教育基金等...</span></p><p style="margin-top: 0px; padding: 0px; clear: both; box-sizing: border-box; text-indent: 2em; text-align: left; line-height: 2em; margin-bottom: 10px;"><span style="margin: 0px; padding: 0px; max-width: 100%; font-family: 微软雅黑, sans-serif; font-size: 15px; color: rgb(63, 63, 63); box-sizing: border-box !important; overflow-wrap: break-word !important;"><br></span></p><p style="margin-top: 0px; padding: 0px; clear: both; box-sizing: border-box; text-align: center; line-height: 2em; margin-bottom: 10px; text-indent: 0em;"></p><p style="margin-top: 0px; padding: 0px; clear: both; box-sizing: border-box; line-height: 2em; margin-bottom: 10px; text-indent: 0em; text-align: center;"></p><p style="margin-top: 0px; padding: 0px; clear: both; box-sizing: border-box; line-height: 2em; margin-bottom: 10px; text-indent: 0em; text-align: center;">圣都，秉承圣心做人，匠心做事，只为，给家人更好的！</span></p><p style="margin-top: 0px; margin-bottom: 0px; padding: 0px; clear: both;"><span style="margin: 0px; padding: 0px; font-size: 15px;"><br style="margin: 0px; padding: 0px; text-align: left;"></span></p><p style="margin-top: 0px; margin-bottom: 0px; padding: 0px; clear: both; text-align: center;"><span style="margin: 0px; padding: 0px; font-size: 15px;"></span></p><p style="text-align:center"></p></section></section></section></section></section></section></section></section></section></section></section></section><p style="text-align: center;"><span style="font-family: &#39;Helvetica Neue&#39;, Helvetica, &#39;Hiragino Sans GB&#39;, &#39;Microsoft YaHei&#39;, Arial, sans-serif; font-size: medium; line-height: 28.4444px; text-align: center;">全国服务热线：400-0571-800</span></p><p><br style="text-align: left;"></p>	', 1, 0),
(2, 1, 2, '首次揭秘2017大虹桥美博会神秘面纱！', '代用名', 1488954331, '2017-03-17', 99, '浙江圣都家居装饰有限公司荣获2016年杭州市住宅装饰行业优秀示范企业;董事长颜伟阳被评选为杭州市建筑装饰行业协会住宅装饰分会执行会长。', '<p style="margin: 0em 1em 10px; padding: 0px; clear: both; font-size: 16px; white-space: normal; max-width: 100%; min-height: 1em; color: rgb(62, 62, 62); text-align: left; text-indent: 2em; line-height: 2em; box-sizing: border-box !important; overflow-wrap: break-word !important; background-color: rgb(255, 255, 255);"><span style="margin: 0px; padding: 0px; max-width: 100%; font-family: 微软雅黑, sans-serif; font-size: 15px; color: rgb(63, 63, 63); box-sizing: border-box !important; overflow-wrap: break-word !important;">杭州市建筑装饰行业协会住宅装饰分会第一次会员代表大会暨首届一次理事会于2017年3月1日在杭州顺利举行。杭州市建筑装饰行业协会住宅装饰分会第一次会员代表大会暨首届一次理事会于2017年3月1日在杭州顺利举行。</span><span style="line-height: 1.75em; text-indent: 2em; margin: 0px; padding: 0px; max-width: 100%; font-family: 微软雅黑, sans-serif; font-size: 15px; color: rgb(63, 63, 63); box-sizing: border-box !important; overflow-wrap: break-word !important;">浙江圣都家居装饰有限公司荣获2016年杭州市住宅装饰行业优秀示范企业;</span><span style="text-indent: 2em; margin: 0px; padding: 0px; color: rgb(63, 63, 63); font-family: 微软雅黑, sans-serif; font-size: 15px; line-height: 1.5em;">董事长颜伟阳被评选为杭州市建筑装饰行业协会住宅装饰分会执行会长。</span></p><p style="margin: 0em 1em 0px; padding: 0px; clear: both; font-size: 16px; white-space: normal; max-width: 100%; min-height: 1em; color: rgb(62, 62, 62); text-align: left; text-indent: 2em; line-height: 1.5em; box-sizing: border-box !important; overflow-wrap: break-word !important; background-color: rgb(255, 255, 255);"><span style="margin: 0px; padding: 0px; color: rgb(63, 63, 63); font-family: 微软雅黑, sans-serif; font-size: 15px; line-height: 1.5em;"><br></span></p><p style="margin: 0em 1em; padding: 0px; clear: both; font-size: 16px; white-space: normal; max-width: 100%; min-height: 1em; color: rgb(62, 62, 62); line-height: 1.5em; text-align: center; box-sizing: border-box !important; overflow-wrap: break-word !important; background-color: rgb(255, 255, 255);"><span style="margin: 0px; padding: 0px; max-width: 100%; font-family: 微软雅黑, sans-serif; color: rgb(63, 63, 63); font-size: 15px; box-sizing: border-box !important; overflow-wrap: break-word !important;">&nbsp;</span></p><p style="margin: 0em 1em 10px; padding: 0px; clear: both; font-size: 16px; white-space: normal; max-width: 100%; min-height: 1em; color: rgb(62, 62, 62); text-align: justify; line-height: 2em; box-sizing: border-box !important; overflow-wrap: break-word !important; background-color: rgb(255, 255, 255);"><span style="margin: 0px; padding: 0px; max-width: 100%; font-family: 微软雅黑, sans-serif; font-size: 15px; box-sizing: border-box !important; overflow-wrap: break-word !important;"></span></p><section style="margin: 0px; padding: 0px; font-family: &#39;Helvetica Neue&#39;, Helvetica, &#39;Hiragino Sans GB&#39;, &#39;Microsoft YaHei&#39;, Arial, sans-serif; font-size: medium; line-height: 28.4444px; white-space: normal; box-sizing: border-box; background-color: rgb(255, 255, 255);"><section powered-by="xiumi.us" style="margin: 0px; padding: 0px; box-sizing: border-box;"><section class="" style="margin: 0px; padding: 0px; box-sizing: border-box;"><section class="" style="margin: 0px; padding: 0px 15px; box-sizing: border-box;"><p style="margin-top: 0px; padding: 0px; clear: both; box-sizing: border-box; text-indent: 2em; text-align: left; line-height: 2em; margin-bottom: 10px;"><span style="margin: 0px; padding: 0px; max-width: 100%; font-family: 微软雅黑, sans-serif; font-size: 15px; color: rgb(63, 63, 63); box-sizing: border-box !important; overflow-wrap: break-word !important;">浙江圣都家居装饰集团，始创于2002年，座落于美丽的西子湖畔—杭州。是一家以“设计为入口，装饰为服务，提供居家全品类产品”的平台化集成服务商，定位于为客户提供“居家生活美学”服务！</span></p><p style="margin-top: 0px; padding: 0px; clear: both; text-indent: 2em; text-align: left; line-height: 2em; margin-bottom: 10px;"><span style="margin: 0px; padding: 0px; max-width: 100%; font-family: 微软雅黑, sans-serif; font-size: 15px; color: rgb(63, 63, 63); box-sizing: border-box !important; overflow-wrap: break-word !important;">多年来，圣都一直以创新态度，不断努力，满足于消费者日新月异的家装需求，从项目标准化管理，到全案精装，打造8090爆款，圣都拎包装，邀请国际大师合作-开启德标精装----每一步都走在行业前列。圣都家居装饰主营涉及住宅设计与施工、中高档住宅、别墅、排屋、办公室、会所、主题酒店、个性餐饮等全系列家庭公共空间装修。</span></p><p style="margin-top: 0px; margin-bottom: 0px; padding: 0px; clear: both; text-indent: 2em;"><span style="margin: 0px; padding: 0px; max-width: 100%; font-family: 微软雅黑, sans-serif; font-size: 15px; color: rgb(63, 63, 63); box-sizing: border-box !important; overflow-wrap: break-word !important;"><br style="text-align: left;"></span></p><p style="margin-top: 0px; margin-bottom: 0px; padding: 0px; clear: both; text-indent: 0em; text-align: center;"><span style="margin: 0px; padding: 0px; max-width: 100%; font-family: 微软雅黑, sans-serif; font-size: 15px; color: rgb(63, 63, 63); box-sizing: border-box !important; overflow-wrap: break-word !important;"></span></p><p style="margin-top: 0px; margin-bottom: 0px; padding: 0px; clear: both; text-indent: 0em;"><span style="margin: 0px; padding: 0px; max-width: 100%; font-family: 微软雅黑, sans-serif; font-size: 15px; color: rgb(63, 63, 63); box-sizing: border-box !important; overflow-wrap: break-word !important;"><br></span></p><section style="margin: 0px; padding: 0px; box-sizing: border-box;"><section powered-by="xiumi.us" style="margin: 0px; padding: 0px; box-sizing: border-box;"><section class="" style="margin: 0px; padding: 0px; box-sizing: border-box;"><section class="" style="margin: 0px; padding: 0px 15px; box-sizing: border-box;"><section style="margin: 0px; padding: 0px; box-sizing: border-box;"><section powered-by="xiumi.us" style="margin: 0px; padding: 0px; box-sizing: border-box;"><section class="" style="margin: 0px; padding: 0px; box-sizing: border-box;"><section class="" style="margin: 0px; padding: 0px 15px; box-sizing: border-box;"><p style="margin-top: 0px; padding: 0px; clear: both; box-sizing: border-box; text-indent: 2em; text-align: left; line-height: 2em; margin-bottom: 10px;"><span style="margin: 0px; padding: 0px; max-width: 100%; font-family: 微软雅黑, sans-serif; font-size: 15px; color: rgb(63, 63, 63); box-sizing: border-box !important; overflow-wrap: break-word !important;">15年来，创始人颜伟阳本着“以人为本、与人为善”的初心，秉承“敬天爱人、利他之心”的价值观，渗透到整个企业的发展。所以，“利他”成为圣都核心的文化价值理念。颜伟阳以圣都为平台，让更多的人在圣都实现自己的价值。在做强企业的同时，并把企业小善，延伸到社会，成为大善。&nbsp;</span></p><p style="margin-top: 0px; padding: 0px; clear: both; box-sizing: border-box; text-indent: 2em; text-align: left; line-height: 2em; margin-bottom: 10px;"><span style="margin: 0px; padding: 0px; max-width: 100%; font-family: 微软雅黑, sans-serif; font-size: 15px; color: rgb(63, 63, 63); box-sizing: border-box !important; overflow-wrap: break-word !important;">公司发展不忘回报社会，秉承一个企业的社会责任感，怀着一份感恩之心，圣都集团一直致力于公益事业，先后走进青山湖和睦小学、江山江东小学捐赠“圆梦音乐馆”；助学彩虹计划，助力贫困学子；余姚赈灾；爱心车队助力高考学子；六一送爱心；向同济科技职业学院捐赠教育基金等...</span></p><p style="margin-top: 0px; padding: 0px; clear: both; box-sizing: border-box; text-indent: 2em; text-align: left; line-height: 2em; margin-bottom: 10px;"><span style="margin: 0px; padding: 0px; max-width: 100%; font-family: 微软雅黑, sans-serif; font-size: 15px; color: rgb(63, 63, 63); box-sizing: border-box !important; overflow-wrap: break-word !important;"><br></span></p><p style="margin-top: 0px; padding: 0px; clear: both; box-sizing: border-box; text-align: center; line-height: 2em; margin-bottom: 10px; text-indent: 0em;"></p><p style="margin-top: 0px; padding: 0px; clear: both; box-sizing: border-box; line-height: 2em; margin-bottom: 10px; text-indent: 0em; text-align: center;"></p><p style="margin-top: 0px; padding: 0px; clear: both; box-sizing: border-box; line-height: 2em; margin-bottom: 10px; text-indent: 0em; text-align: center;">圣都，秉承圣心做人，匠心做事，只为，给家人更好的！</span></p><p style="margin-top: 0px; margin-bottom: 0px; padding: 0px; clear: both;"><span style="margin: 0px; padding: 0px; font-size: 15px;"><br style="margin: 0px; padding: 0px; text-align: left;"></span></p><p style="margin-top: 0px; margin-bottom: 0px; padding: 0px; clear: both; text-align: center;"><span style="margin: 0px; padding: 0px; font-size: 15px;"></span></p><p style="text-align:center"></p></section></section></section></section></section></section></section></section></section></section></section></section><p style="text-align: center;"><span style="font-family: &#39;Helvetica Neue&#39;, Helvetica, &#39;Hiragino Sans GB&#39;, &#39;Microsoft YaHei&#39;, Arial, sans-serif; font-size: medium; line-height: 28.4444px; text-align: center;">全国服务热线：400-0571-800</span></p><p><br style="text-align: left;"></p>	', 1, 0),
(3, 1, 3, '“优秀示范企业”，董事长颜伟阳被评选为杭州市建筑装饰行业协会住宅装', '代用名', 1488954331, '2017.03.31', 88, '杭州市建筑装饰行业协会住宅装饰分会第一次会员代表大会暨首届一次理事会于2017年3月1日在杭州顺利举行。浙江圣都家居装饰有限公司荣获2016年杭州市住宅装饰行业优秀示范企业;董事长颜伟阳被评选为杭州市建筑装饰行业协会住宅装饰分会执行会长。', '<p style="margin: 0em 1em 10px; padding: 0px; clear: both; font-size: 16px; white-space: normal; max-width: 100%; min-height: 1em; color: rgb(62, 62, 62); text-align: left; text-indent: 2em; line-height: 2em; box-sizing: border-box !important; overflow-wrap: break-word !important; background-color: rgb(255, 255, 255);"><span style="margin: 0px; padding: 0px; max-width: 100%; font-family: 微软雅黑, sans-serif; font-size: 15px; color: rgb(63, 63, 63); box-sizing: border-box !important; overflow-wrap: break-word !important;">杭州市建筑装饰行业协会住宅装饰分会第一次会员代表大会暨首届一次理事会于2017年3月1日在杭州顺利举行。</span><span style="line-height: 1.75em; text-indent: 2em; margin: 0px; padding: 0px; max-width: 100%; font-family: 微软雅黑, sans-serif; font-size: 15px; color: rgb(63, 63, 63); box-sizing: border-box !important; overflow-wrap: break-word !important;">浙江圣都家居装饰有限公司荣获2016年杭州市住宅装饰行业优秀示范企业;</span><span style="text-indent: 2em; margin: 0px; padding: 0px; color: rgb(63, 63, 63); font-family: 微软雅黑, sans-serif; font-size: 15px; line-height: 1.5em;">董事长颜伟阳被评选为杭州市建筑装饰行业协会住宅装饰分会执行会长。</span></p><p style="margin: 0em 1em 0px; padding: 0px; clear: both; font-size: 16px; white-space: normal; max-width: 100%; min-height: 1em; color: rgb(62, 62, 62); text-align: left; text-indent: 2em; line-height: 1.5em; box-sizing: border-box !important; overflow-wrap: break-word !important; background-color: rgb(255, 255, 255);"><span style="margin: 0px; padding: 0px; color: rgb(63, 63, 63); font-family: 微软雅黑, sans-serif; font-size: 15px; line-height: 1.5em;"><br></span></p><p style="margin: 0em 1em; padding: 0px; clear: both; font-size: 16px; white-space: normal; max-width: 100%; min-height: 1em; color: rgb(62, 62, 62); line-height: 1.5em; text-align: center; box-sizing: border-box !important; overflow-wrap: break-word !important; background-color: rgb(255, 255, 255);"><span style="margin: 0px; padding: 0px; max-width: 100%; font-family: 微软雅黑, sans-serif; color: rgb(63, 63, 63); font-size: 15px; box-sizing: border-box !important; overflow-wrap: break-word !important;">&nbsp;</span></p><p style="margin: 0em 1em 10px; padding: 0px; clear: both; font-size: 16px; white-space: normal; max-width: 100%; min-height: 1em; color: rgb(62, 62, 62); text-align: justify; line-height: 2em; box-sizing: border-box !important; overflow-wrap: break-word !important; background-color: rgb(255, 255, 255);"><span style="margin: 0px; padding: 0px; max-width: 100%; font-family: 微软雅黑, sans-serif; font-size: 15px; box-sizing: border-box !important; overflow-wrap: break-word !important;"></span></p><section style="margin: 0px; padding: 0px; font-family: &#39;Helvetica Neue&#39;, Helvetica, &#39;Hiragino Sans GB&#39;, &#39;Microsoft YaHei&#39;, Arial, sans-serif; font-size: medium; line-height: 28.4444px; white-space: normal; box-sizing: border-box; background-color: rgb(255, 255, 255);"><section powered-by="xiumi.us" style="margin: 0px; padding: 0px; box-sizing: border-box;"><section class="" style="margin: 0px; padding: 0px; box-sizing: border-box;"><section class="" style="margin: 0px; padding: 0px 15px; box-sizing: border-box;"><p style="margin-top: 0px; padding: 0px; clear: both; box-sizing: border-box; text-indent: 2em; text-align: left; line-height: 2em; margin-bottom: 10px;"><span style="margin: 0px; padding: 0px; max-width: 100%; font-family: 微软雅黑, sans-serif; font-size: 15px; color: rgb(63, 63, 63); box-sizing: border-box !important; overflow-wrap: break-word !important;">浙江圣都家居装饰集团，始创于2002年，座落于美丽的西子湖畔—杭州。是一家以“设计为入口，装饰为服务，提供居家全品类产品”的平台化集成服务商，定位于为客户提供“居家生活美学”服务！</span></p><p style="margin-top: 0px; padding: 0px; clear: both; text-indent: 2em; text-align: left; line-height: 2em; margin-bottom: 10px;"><span style="margin: 0px; padding: 0px; max-width: 100%; font-family: 微软雅黑, sans-serif; font-size: 15px; color: rgb(63, 63, 63); box-sizing: border-box !important; overflow-wrap: break-word !important;">多年来，圣都一直以创新态度，不断努力，满足于消费者日新月异的家装需求，从项目标准化管理，到全案精装，打造8090爆款，圣都拎包装，邀请国际大师合作-开启德标精装----每一步都走在行业前列。圣都家居装饰主营涉及住宅设计与施工、中高档住宅、别墅、排屋、办公室、会所、主题酒店、个性餐饮等全系列家庭公共空间装修。</span></p><p style="margin-top: 0px; margin-bottom: 0px; padding: 0px; clear: both; text-indent: 2em;"><span style="margin: 0px; padding: 0px; max-width: 100%; font-family: 微软雅黑, sans-serif; font-size: 15px; color: rgb(63, 63, 63); box-sizing: border-box !important; overflow-wrap: break-word !important;"><br style="text-align: left;"></span></p><p style="margin-top: 0px; margin-bottom: 0px; padding: 0px; clear: both; text-indent: 0em; text-align: center;"><span style="margin: 0px; padding: 0px; max-width: 100%; font-family: 微软雅黑, sans-serif; font-size: 15px; color: rgb(63, 63, 63); box-sizing: border-box !important; overflow-wrap: break-word !important;"></span></p><p style="margin-top: 0px; margin-bottom: 0px; padding: 0px; clear: both; text-indent: 0em;"><span style="margin: 0px; padding: 0px; max-width: 100%; font-family: 微软雅黑, sans-serif; font-size: 15px; color: rgb(63, 63, 63); box-sizing: border-box !important; overflow-wrap: break-word !important;"><br></span></p><section style="margin: 0px; padding: 0px; box-sizing: border-box;"><section powered-by="xiumi.us" style="margin: 0px; padding: 0px; box-sizing: border-box;"><section class="" style="margin: 0px; padding: 0px; box-sizing: border-box;"><section class="" style="margin: 0px; padding: 0px 15px; box-sizing: border-box;"><section style="margin: 0px; padding: 0px; box-sizing: border-box;"><section powered-by="xiumi.us" style="margin: 0px; padding: 0px; box-sizing: border-box;"><section class="" style="margin: 0px; padding: 0px; box-sizing: border-box;"><section class="" style="margin: 0px; padding: 0px 15px; box-sizing: border-box;"><p style="margin-top: 0px; padding: 0px; clear: both; box-sizing: border-box; text-indent: 2em; text-align: left; line-height: 2em; margin-bottom: 10px;"><span style="margin: 0px; padding: 0px; max-width: 100%; font-family: 微软雅黑, sans-serif; font-size: 15px; color: rgb(63, 63, 63); box-sizing: border-box !important; overflow-wrap: break-word !important;">15年来，创始人颜伟阳本着“以人为本、与人为善”的初心，秉承“敬天爱人、利他之心”的价值观，渗透到整个企业的发展。所以，“利他”成为圣都核心的文化价值理念。颜伟阳以圣都为平台，让更多的人在圣都实现自己的价值。在做强企业的同时，并把企业小善，延伸到社会，成为大善。&nbsp;</span></p><p style="margin-top: 0px; padding: 0px; clear: both; box-sizing: border-box; text-indent: 2em; text-align: left; line-height: 2em; margin-bottom: 10px;"><span style="margin: 0px; padding: 0px; max-width: 100%; font-family: 微软雅黑, sans-serif; font-size: 15px; color: rgb(63, 63, 63); box-sizing: border-box !important; overflow-wrap: break-word !important;">公司发展不忘回报社会，秉承一个企业的社会责任感，怀着一份感恩之心，圣都集团一直致力于公益事业，先后走进青山湖和睦小学、江山江东小学捐赠“圆梦音乐馆”；助学彩虹计划，助力贫困学子；余姚赈灾；爱心车队助力高考学子；六一送爱心；向同济科技职业学院捐赠教育基金等...</span></p><p style="margin-top: 0px; padding: 0px; clear: both; box-sizing: border-box; text-indent: 2em; text-align: left; line-height: 2em; margin-bottom: 10px;"><span style="margin: 0px; padding: 0px; max-width: 100%; font-family: 微软雅黑, sans-serif; font-size: 15px; color: rgb(63, 63, 63); box-sizing: border-box !important; overflow-wrap: break-word !important;"><br></span></p><p style="margin-top: 0px; padding: 0px; clear: both; box-sizing: border-box; text-align: center; line-height: 2em; margin-bottom: 10px; text-indent: 0em;"></p><p style="margin-top: 0px; padding: 0px; clear: both; box-sizing: border-box; line-height: 2em; margin-bottom: 10px; text-indent: 0em; text-align: center;"></p><p style="margin-top: 0px; padding: 0px; clear: both; box-sizing: border-box; line-height: 2em; margin-bottom: 10px; text-indent: 0em; text-align: center;">圣都，秉承圣心做人，匠心做事，只为，给家人更好的！</span></p><p style="margin-top: 0px; margin-bottom: 0px; padding: 0px; clear: both;"><span style="margin: 0px; padding: 0px; font-size: 15px;"><br style="margin: 0px; padding: 0px; text-align: left;"></span></p><p style="margin-top: 0px; margin-bottom: 0px; padding: 0px; clear: both; text-align: center;"><span style="margin: 0px; padding: 0px; font-size: 15px;"></span></p><p style="text-align:center"></p></section></section></section></section></section></section></section></section></section></section></section></section><p style="text-align: center;"><span style="font-family: &#39;Helvetica Neue&#39;, Helvetica, &#39;Hiragino Sans GB&#39;, &#39;Microsoft YaHei&#39;, Arial, sans-serif; font-size: medium; line-height: 28.4444px; text-align: center;">全国服务热线：400-0571-800</span></p><p><br style="text-align: left;"></p>	', 1, 0);
INSERT INTO `asd_news` (`newsId`, `newsImgone`, `newsType`, `newsTitle`, `newsName`, `newsTime`, `newsRelease`, `newsTimes`, `newsInfo`, `newsContent`, `newsShow`, `life`) VALUES
(4, 1, 1, '2017大虹桥美博会神秘面纱！', '代用名', 1488954331, '2017-03-17', 99, '浙江圣都家居装饰有限公司荣获2016年杭州市住宅装饰行业优秀示范企业;董事长颜伟阳被评选为杭州市建筑装饰行业协会住宅装饰分会执行会长。', '<p style="margin: 0em 1em 10px; padding: 0px; clear: both; font-size: 16px; white-space: normal; max-width: 100%; min-height: 1em; color: rgb(62, 62, 62); text-align: left; text-indent: 2em; line-height: 2em; box-sizing: border-box !important; overflow-wrap: break-word !important; background-color: rgb(255, 255, 255);"><span style="margin: 0px; padding: 0px; max-width: 100%; font-family: 微软雅黑, sans-serif; font-size: 15px; color: rgb(63, 63, 63); box-sizing: border-box !important; overflow-wrap: break-word !important;">杭州市建筑装饰行业协会住宅装饰分会第一次会员代表大会暨首届一次理事会于2017年3月1日在杭州顺利举行。</span><span style="line-height: 1.75em; text-indent: 2em; margin: 0px; padding: 0px; max-width: 100%; font-family: 微软雅黑, sans-serif; font-size: 15px; color: rgb(63, 63, 63); box-sizing: border-box !important; overflow-wrap: break-word !important;">浙江圣都家居装饰有限公司荣获2016年杭州市住宅装饰行业优秀示范企业;</span><span style="text-indent: 2em; margin: 0px; padding: 0px; color: rgb(63, 63, 63); font-family: 微软雅黑, sans-serif; font-size: 15px; line-height: 1.5em;">董事长颜伟阳被评选为杭州市建筑装饰行业协会住宅装饰分会执行会长。</span></p><p style="margin: 0em 1em 0px; padding: 0px; clear: both; font-size: 16px; white-space: normal; max-width: 100%; min-height: 1em; color: rgb(62, 62, 62); text-align: left; text-indent: 2em; line-height: 1.5em; box-sizing: border-box !important; overflow-wrap: break-word !important; background-color: rgb(255, 255, 255);"><span style="margin: 0px; padding: 0px; color: rgb(63, 63, 63); font-family: 微软雅黑, sans-serif; font-size: 15px; line-height: 1.5em;"><br></span></p><p style="margin: 0em 1em; padding: 0px; clear: both; font-size: 16px; white-space: normal; max-width: 100%; min-height: 1em; color: rgb(62, 62, 62); line-height: 1.5em; text-align: center; box-sizing: border-box !important; overflow-wrap: break-word !important; background-color: rgb(255, 255, 255);"><span style="margin: 0px; padding: 0px; max-width: 100%; font-family: 微软雅黑, sans-serif; color: rgb(63, 63, 63); font-size: 15px; box-sizing: border-box !important; overflow-wrap: break-word !important;">&nbsp;</span></p><p style="margin: 0em 1em 10px; padding: 0px; clear: both; font-size: 16px; white-space: normal; max-width: 100%; min-height: 1em; color: rgb(62, 62, 62); text-align: justify; line-height: 2em; box-sizing: border-box !important; overflow-wrap: break-word !important; background-color: rgb(255, 255, 255);"><span style="margin: 0px; padding: 0px; max-width: 100%; font-family: 微软雅黑, sans-serif; font-size: 15px; box-sizing: border-box !important; overflow-wrap: break-word !important;"></span></p><section style="margin: 0px; padding: 0px; font-family: &#39;Helvetica Neue&#39;, Helvetica, &#39;Hiragino Sans GB&#39;, &#39;Microsoft YaHei&#39;, Arial, sans-serif; font-size: medium; line-height: 28.4444px; white-space: normal; box-sizing: border-box; background-color: rgb(255, 255, 255);"><section powered-by="xiumi.us" style="margin: 0px; padding: 0px; box-sizing: border-box;"><section class="" style="margin: 0px; padding: 0px; box-sizing: border-box;"><section class="" style="margin: 0px; padding: 0px 15px; box-sizing: border-box;"><p style="margin-top: 0px; padding: 0px; clear: both; box-sizing: border-box; text-indent: 2em; text-align: left; line-height: 2em; margin-bottom: 10px;"><span style="margin: 0px; padding: 0px; max-width: 100%; font-family: 微软雅黑, sans-serif; font-size: 15px; color: rgb(63, 63, 63); box-sizing: border-box !important; overflow-wrap: break-word !important;">浙江圣都家居装饰集团，始创于2002年，座落于美丽的西子湖畔—杭州。是一家以“设计为入口，装饰为服务，提供居家全品类产品”的平台化集成服务商，定位于为客户提供“居家生活美学”服务！</span></p><p style="margin-top: 0px; padding: 0px; clear: both; text-indent: 2em; text-align: left; line-height: 2em; margin-bottom: 10px;"><span style="margin: 0px; padding: 0px; max-width: 100%; font-family: 微软雅黑, sans-serif; font-size: 15px; color: rgb(63, 63, 63); box-sizing: border-box !important; overflow-wrap: break-word !important;">多年来，圣都一直以创新态度，不断努力，满足于消费者日新月异的家装需求，从项目标准化管理，到全案精装，打造8090爆款，圣都拎包装，邀请国际大师合作-开启德标精装----每一步都走在行业前列。圣都家居装饰主营涉及住宅设计与施工、中高档住宅、别墅、排屋、办公室、会所、主题酒店、个性餐饮等全系列家庭公共空间装修。</span></p><p style="margin-top: 0px; margin-bottom: 0px; padding: 0px; clear: both; text-indent: 2em;"><span style="margin: 0px; padding: 0px; max-width: 100%; font-family: 微软雅黑, sans-serif; font-size: 15px; color: rgb(63, 63, 63); box-sizing: border-box !important; overflow-wrap: break-word !important;"><br style="text-align: left;"></span></p><p style="margin-top: 0px; margin-bottom: 0px; padding: 0px; clear: both; text-indent: 0em; text-align: center;"><span style="margin: 0px; padding: 0px; max-width: 100%; font-family: 微软雅黑, sans-serif; font-size: 15px; color: rgb(63, 63, 63); box-sizing: border-box !important; overflow-wrap: break-word !important;"></span></p><p style="margin-top: 0px; margin-bottom: 0px; padding: 0px; clear: both; text-indent: 0em;"><span style="margin: 0px; padding: 0px; max-width: 100%; font-family: 微软雅黑, sans-serif; font-size: 15px; color: rgb(63, 63, 63); box-sizing: border-box !important; overflow-wrap: break-word !important;"><br></span></p><section style="margin: 0px; padding: 0px; box-sizing: border-box;"><section powered-by="xiumi.us" style="margin: 0px; padding: 0px; box-sizing: border-box;"><section class="" style="margin: 0px; padding: 0px; box-sizing: border-box;"><section class="" style="margin: 0px; padding: 0px 15px; box-sizing: border-box;"><section style="margin: 0px; padding: 0px; box-sizing: border-box;"><section powered-by="xiumi.us" style="margin: 0px; padding: 0px; box-sizing: border-box;"><section class="" style="margin: 0px; padding: 0px; box-sizing: border-box;"><section class="" style="margin: 0px; padding: 0px 15px; box-sizing: border-box;"><p style="margin-top: 0px; padding: 0px; clear: both; box-sizing: border-box; text-indent: 2em; text-align: left; line-height: 2em; margin-bottom: 10px;"><span style="margin: 0px; padding: 0px; max-width: 100%; font-family: 微软雅黑, sans-serif; font-size: 15px; color: rgb(63, 63, 63); box-sizing: border-box !important; overflow-wrap: break-word !important;">15年来，创始人颜伟阳本着“以人为本、与人为善”的初心，秉承“敬天爱人、利他之心”的价值观，渗透到整个企业的发展。所以，“利他”成为圣都核心的文化价值理念。颜伟阳以圣都为平台，让更多的人在圣都实现自己的价值。在做强企业的同时，并把企业小善，延伸到社会，成为大善。&nbsp;</span></p><p style="margin-top: 0px; padding: 0px; clear: both; box-sizing: border-box; text-indent: 2em; text-align: left; line-height: 2em; margin-bottom: 10px;"><span style="margin: 0px; padding: 0px; max-width: 100%; font-family: 微软雅黑, sans-serif; font-size: 15px; color: rgb(63, 63, 63); box-sizing: border-box !important; overflow-wrap: break-word !important;">公司发展不忘回报社会，秉承一个企业的社会责任感，怀着一份感恩之心，圣都集团一直致力于公益事业，先后走进青山湖和睦小学、江山江东小学捐赠“圆梦音乐馆”；助学彩虹计划，助力贫困学子；余姚赈灾；爱心车队助力高考学子；六一送爱心；向同济科技职业学院捐赠教育基金等...</span></p><p style="margin-top: 0px; padding: 0px; clear: both; box-sizing: border-box; text-indent: 2em; text-align: left; line-height: 2em; margin-bottom: 10px;"><span style="margin: 0px; padding: 0px; max-width: 100%; font-family: 微软雅黑, sans-serif; font-size: 15px; color: rgb(63, 63, 63); box-sizing: border-box !important; overflow-wrap: break-word !important;"><br></span></p><p style="margin-top: 0px; padding: 0px; clear: both; box-sizing: border-box; text-align: center; line-height: 2em; margin-bottom: 10px; text-indent: 0em;"></p><p style="margin-top: 0px; padding: 0px; clear: both; box-sizing: border-box; line-height: 2em; margin-bottom: 10px; text-indent: 0em; text-align: center;"></p><p style="margin-top: 0px; padding: 0px; clear: both; box-sizing: border-box; line-height: 2em; margin-bottom: 10px; text-indent: 0em; text-align: center;">圣都，秉承圣心做人，匠心做事，只为，给家人更好的！</span></p><p style="margin-top: 0px; margin-bottom: 0px; padding: 0px; clear: both;"><span style="margin: 0px; padding: 0px; font-size: 15px;"><br style="margin: 0px; padding: 0px; text-align: left;"></span></p><p style="margin-top: 0px; margin-bottom: 0px; padding: 0px; clear: both; text-align: center;"><span style="margin: 0px; padding: 0px; font-size: 15px;"></span></p><p style="text-align:center"></p></section></section></section></section></section></section></section></section></section></section></section></section><p style="text-align: center;"><span style="font-family: &#39;Helvetica Neue&#39;, Helvetica, &#39;Hiragino Sans GB&#39;, &#39;Microsoft YaHei&#39;, Arial, sans-serif; font-size: medium; line-height: 28.4444px; text-align: center;">全国服务热线：400-0571-800</span></p><p><br style="text-align: left;"></p>	', 1, 0),
(5, 1, 2, '匠心筑梦 | 恭祝圣都家居装饰荣获“优秀示范企业”，董事长颜伟阳被评选为杭州市建筑装饰行业协会住宅装', '代用名', 1488954331, '2017-03-31', 88, '杭州市建筑装饰行业协会住宅装饰分会第一次会员代表大会暨首届一次理事会于2017年3月1日在杭州顺利举行。浙江圣都家居装饰有限公司荣获2016年杭州市住宅装饰行业优秀示范企业;董事长颜伟阳被评选为杭州市建筑装饰行业协会住宅装饰分会执行会长。', '<p style="margin: 0em 1em 10px; padding: 0px; clear: both; font-size: 16px; white-space: normal; max-width: 100%; min-height: 1em; color: rgb(62, 62, 62); text-align: left; text-indent: 2em; line-height: 2em; box-sizing: border-box !important; overflow-wrap: break-word !important; background-color: rgb(255, 255, 255);"><span style="margin: 0px; padding: 0px; max-width: 100%; font-family: 微软雅黑, sans-serif; font-size: 15px; color: rgb(63, 63, 63); box-sizing: border-box !important; overflow-wrap: break-word !important;">杭州市建筑装饰行业协会住宅装饰分会第一次会员代表大会暨首届一次理事会于2017年3月1日在杭州顺利举行。</span><span style="line-height: 1.75em; text-indent: 2em; margin: 0px; padding: 0px; max-width: 100%; font-family: 微软雅黑, sans-serif; font-size: 15px; color: rgb(63, 63, 63); box-sizing: border-box !important; overflow-wrap: break-word !important;">浙江圣都家居装饰有限公司荣获2016年杭州市住宅装饰行业优秀示范企业;</span><span style="text-indent: 2em; margin: 0px; padding: 0px; color: rgb(63, 63, 63); font-family: 微软雅黑, sans-serif; font-size: 15px; line-height: 1.5em;">董事长颜伟阳被评选为杭州市建筑装饰行业协会住宅装饰分会执行会长。</span></p><p style="margin: 0em 1em 0px; padding: 0px; clear: both; font-size: 16px; white-space: normal; max-width: 100%; min-height: 1em; color: rgb(62, 62, 62); text-align: left; text-indent: 2em; line-height: 1.5em; box-sizing: border-box !important; overflow-wrap: break-word !important; background-color: rgb(255, 255, 255);"><span style="margin: 0px; padding: 0px; color: rgb(63, 63, 63); font-family: 微软雅黑, sans-serif; font-size: 15px; line-height: 1.5em;"><br></span></p><p style="margin: 0em 1em; padding: 0px; clear: both; font-size: 16px; white-space: normal; max-width: 100%; min-height: 1em; color: rgb(62, 62, 62); line-height: 1.5em; text-align: center; box-sizing: border-box !important; overflow-wrap: break-word !important; background-color: rgb(255, 255, 255);"><span style="margin: 0px; padding: 0px; max-width: 100%; font-family: 微软雅黑, sans-serif; color: rgb(63, 63, 63); font-size: 15px; box-sizing: border-box !important; overflow-wrap: break-word !important;">&nbsp;</span></p><p style="margin: 0em 1em 10px; padding: 0px; clear: both; font-size: 16px; white-space: normal; max-width: 100%; min-height: 1em; color: rgb(62, 62, 62); text-align: justify; line-height: 2em; box-sizing: border-box !important; overflow-wrap: break-word !important; background-color: rgb(255, 255, 255);"><span style="margin: 0px; padding: 0px; max-width: 100%; font-family: 微软雅黑, sans-serif; font-size: 15px; box-sizing: border-box !important; overflow-wrap: break-word !important;"></span></p><section style="margin: 0px; padding: 0px; font-family: &#39;Helvetica Neue&#39;, Helvetica, &#39;Hiragino Sans GB&#39;, &#39;Microsoft YaHei&#39;, Arial, sans-serif; font-size: medium; line-height: 28.4444px; white-space: normal; box-sizing: border-box; background-color: rgb(255, 255, 255);"><section powered-by="xiumi.us" style="margin: 0px; padding: 0px; box-sizing: border-box;"><section class="" style="margin: 0px; padding: 0px; box-sizing: border-box;"><section class="" style="margin: 0px; padding: 0px 15px; box-sizing: border-box;"><p style="margin-top: 0px; padding: 0px; clear: both; box-sizing: border-box; text-indent: 2em; text-align: left; line-height: 2em; margin-bottom: 10px;"><span style="margin: 0px; padding: 0px; max-width: 100%; font-family: 微软雅黑, sans-serif; font-size: 15px; color: rgb(63, 63, 63); box-sizing: border-box !important; overflow-wrap: break-word !important;">浙江圣都家居装饰集团，始创于2002年，座落于美丽的西子湖畔—杭州。是一家以“设计为入口，装饰为服务，提供居家全品类产品”的平台化集成服务商，定位于为客户提供“居家生活美学”服务！</span></p><p style="margin-top: 0px; padding: 0px; clear: both; text-indent: 2em; text-align: left; line-height: 2em; margin-bottom: 10px;"><span style="margin: 0px; padding: 0px; max-width: 100%; font-family: 微软雅黑, sans-serif; font-size: 15px; color: rgb(63, 63, 63); box-sizing: border-box !important; overflow-wrap: break-word !important;">多年来，圣都一直以创新态度，不断努力，满足于消费者日新月异的家装需求，从项目标准化管理，到全案精装，打造8090爆款，圣都拎包装，邀请国际大师合作-开启德标精装----每一步都走在行业前列。圣都家居装饰主营涉及住宅设计与施工、中高档住宅、别墅、排屋、办公室、会所、主题酒店、个性餐饮等全系列家庭公共空间装修。</span></p><p style="margin-top: 0px; margin-bottom: 0px; padding: 0px; clear: both; text-indent: 2em;"><span style="margin: 0px; padding: 0px; max-width: 100%; font-family: 微软雅黑, sans-serif; font-size: 15px; color: rgb(63, 63, 63); box-sizing: border-box !important; overflow-wrap: break-word !important;"><br style="text-align: left;"></span></p><p style="margin-top: 0px; margin-bottom: 0px; padding: 0px; clear: both; text-indent: 0em; text-align: center;"><span style="margin: 0px; padding: 0px; max-width: 100%; font-family: 微软雅黑, sans-serif; font-size: 15px; color: rgb(63, 63, 63); box-sizing: border-box !important; overflow-wrap: break-word !important;"></span></p><p style="margin-top: 0px; margin-bottom: 0px; padding: 0px; clear: both; text-indent: 0em;"><span style="margin: 0px; padding: 0px; max-width: 100%; font-family: 微软雅黑, sans-serif; font-size: 15px; color: rgb(63, 63, 63); box-sizing: border-box !important; overflow-wrap: break-word !important;"><br></span></p><section style="margin: 0px; padding: 0px; box-sizing: border-box;"><section powered-by="xiumi.us" style="margin: 0px; padding: 0px; box-sizing: border-box;"><section class="" style="margin: 0px; padding: 0px; box-sizing: border-box;"><section class="" style="margin: 0px; padding: 0px 15px; box-sizing: border-box;"><section style="margin: 0px; padding: 0px; box-sizing: border-box;"><section powered-by="xiumi.us" style="margin: 0px; padding: 0px; box-sizing: border-box;"><section class="" style="margin: 0px; padding: 0px; box-sizing: border-box;"><section class="" style="margin: 0px; padding: 0px 15px; box-sizing: border-box;"><p style="margin-top: 0px; padding: 0px; clear: both; box-sizing: border-box; text-indent: 2em; text-align: left; line-height: 2em; margin-bottom: 10px;"><span style="margin: 0px; padding: 0px; max-width: 100%; font-family: 微软雅黑, sans-serif; font-size: 15px; color: rgb(63, 63, 63); box-sizing: border-box !important; overflow-wrap: break-word !important;">15年来，创始人颜伟阳本着“以人为本、与人为善”的初心，秉承“敬天爱人、利他之心”的价值观，渗透到整个企业的发展。所以，“利他”成为圣都核心的文化价值理念。颜伟阳以圣都为平台，让更多的人在圣都实现自己的价值。在做强企业的同时，并把企业小善，延伸到社会，成为大善。&nbsp;</span></p><p style="margin-top: 0px; padding: 0px; clear: both; box-sizing: border-box; text-indent: 2em; text-align: left; line-height: 2em; margin-bottom: 10px;"><span style="margin: 0px; padding: 0px; max-width: 100%; font-family: 微软雅黑, sans-serif; font-size: 15px; color: rgb(63, 63, 63); box-sizing: border-box !important; overflow-wrap: break-word !important;">公司发展不忘回报社会，秉承一个企业的社会责任感，怀着一份感恩之心，圣都集团一直致力于公益事业，先后走进青山湖和睦小学、江山江东小学捐赠“圆梦音乐馆”；助学彩虹计划，助力贫困学子；余姚赈灾；爱心车队助力高考学子；六一送爱心；向同济科技职业学院捐赠教育基金等...</span></p><p style="margin-top: 0px; padding: 0px; clear: both; box-sizing: border-box; text-indent: 2em; text-align: left; line-height: 2em; margin-bottom: 10px;"><span style="margin: 0px; padding: 0px; max-width: 100%; font-family: 微软雅黑, sans-serif; font-size: 15px; color: rgb(63, 63, 63); box-sizing: border-box !important; overflow-wrap: break-word !important;"><br></span></p><p style="margin-top: 0px; padding: 0px; clear: both; box-sizing: border-box; text-align: center; line-height: 2em; margin-bottom: 10px; text-indent: 0em;"></p><p style="margin-top: 0px; padding: 0px; clear: both; box-sizing: border-box; line-height: 2em; margin-bottom: 10px; text-indent: 0em; text-align: center;"></p><p style="margin-top: 0px; padding: 0px; clear: both; box-sizing: border-box; line-height: 2em; margin-bottom: 10px; text-indent: 0em; text-align: center;">圣都，秉承圣心做人，匠心做事，只为，给家人更好的！</span></p><p style="margin-top: 0px; margin-bottom: 0px; padding: 0px; clear: both;"><span style="margin: 0px; padding: 0px; font-size: 15px;"><br style="margin: 0px; padding: 0px; text-align: left;"></span></p><p style="margin-top: 0px; margin-bottom: 0px; padding: 0px; clear: both; text-align: center;"><span style="margin: 0px; padding: 0px; font-size: 15px;"></span></p><p style="text-align:center"></p></section></section></section></section></section></section></section></section></section></section></section></section><p style="text-align: center;"><span style="font-family: &#39;Helvetica Neue&#39;, Helvetica, &#39;Hiragino Sans GB&#39;, &#39;Microsoft YaHei&#39;, Arial, sans-serif; font-size: medium; line-height: 28.4444px; text-align: center;">全国服务热线：400-0571-800</span></p><p><br style="text-align: left;"></p>	', 1, 0);

-- --------------------------------------------------------

--
-- 表的结构 `asd_newstype`
--

CREATE TABLE IF NOT EXISTS `asd_newstype` (
  `newstypeId` int(10) unsigned NOT NULL AUTO_INCREMENT,
  `newstypeName` varchar(20) NOT NULL COMMENT '新闻类别',
  `newsShow` tinyint(4) NOT NULL DEFAULT '0' COMMENT '是否启用',
  `life` int(11) NOT NULL DEFAULT '0' COMMENT '是否删除0正常使用 1删除',
  PRIMARY KEY (`newstypeId`)
) ENGINE=MyISAM DEFAULT CHARSET=utf8 COMMENT='新闻类别' AUTO_INCREMENT=1 ;

/*!40101 SET CHARACTER_SET_CLIENT=@OLD_CHARACTER_SET_CLIENT */;
/*!40101 SET CHARACTER_SET_RESULTS=@OLD_CHARACTER_SET_RESULTS */;
/*!40101 SET COLLATION_CONNECTION=@OLD_COLLATION_CONNECTION */;
